图片,链接,菜名,作者,评分
['http://i1.chuimg.com/426809f97f0c41d5a4b8c121aa019cb4_1080w_810h.jpg@2o_50sh_1pr_1l_215w_136h_1c_1e_90q_1wh'],['/recipe/103951128/'],鱼香肉丝（米饭杀手系列三）,铁头葫芦娃,7.9
['http://i2.chuimg.com/3f80ae8c64ec4166911ed15a10116d44_1124w_1500h.jpg?imageView2/1/w/215/h/136/interlace/1/q/90'],['/recipe/103922498/'],无敌好吃的香煎豆腐,悠妈小厨房y,7.4
['http://i2.chuimg.com/70282116ba654cb1bbe7b74ffaa2480a_1984w_1120h.jpg?imageView2/1/w/215/h/136/interlace/1/q/90'],['/recipe/103996751/'],超级下饭的地三鲜,lucky小娇,7.8
['http://i2.chuimg.com/197199bc42934804b103fa97fed25005_1242w_1818h.jpg?imageView2/1/w/215/h/136/interlace/1/q/90'],['/recipe/104057063/'],干锅花菜,Yran燕,7.8
['http://i5.chuimg.com/e2bf41f3627f466381657755c1f29110_1280w_1024h.jpg@2o_50sh_1pr_1l_215w_136h_1c_1e_90q_1wh'],['/recipe/103965340/'],比肉还好吃的金针菇豆皮卷,糖宝麻麻-木木,7.2
['http://i2.chuimg.com/ea38804d4c9f486e909ba70add5d1036_1242w_1242h.jpg?imageView2/1/w/215/h/136/interlace/1/q/90'],['/recipe/104046273/'],孩子能吃两碗饭的一道菜,钊兰,1
['http://i2.chuimg.com/1b61fe1e1bd64bf9a3dbaa0008fc2ca2_1242w_1521h.jpg?imageView2/1/w/215/h/136/interlace/1/q/90'],['/recipe/104103405/'],真真假假 赛排骨,那叫锅包肉好了,9
['http://i1.chuimg.com/327e292e389f4de7a0ab0ff99797f650_751w_600h.jpg@2o_50sh_1pr_1l_215w_136h_1c_1e_90q_1wh'],['/recipe/103917531/'],肉末茄子,韩佳人的后厨房,7.6
['http://i1.chuimg.com/0ee416eda72649019c4fce1bde4ba25f_1615w_1224h.jpg@2o_50sh_1pr_1l_215w_136h_1c_1e_90q_1wh'],['/recipe/104076957/'],豆腐这样做比大鱼大肉都好吃，简单易做又下饭,齐梅齐美食,7.9
['http://i5.chuimg.com/055c62a4b1144f4c88b420250a100b2b_1500w_1124h.jpg@2o_50sh_1pr_1l_215w_136h_1c_1e_90q_1wh'],['/recipe/104024497/'],酱汁杏鲍菇❗比肉还好吃,糖宝麻麻-木木,7.9
['http://i2.chuimg.com/80b2fbf6d6c547dca21b61fe1c875f48_1080w_810h.jpg?imageView2/1/w/215/h/136/interlace/1/q/90'],['/recipe/103950238/'],手撕包菜（米饭杀手系列二）,铁头葫芦娃,7.5
['http://i2.chuimg.com/a7c76ea7fdca4f22bf88a30ccff5229f_1000w_750h.jpg?imageView2/1/w/215/h/136/interlace/1/q/90'],['/recipe/104068553/'],健康低脂凉拌菜—菠菜可以这样吃,厨小花的减脂餐,7.8
['http://i2.chuimg.com/d452416e3976425bbb9c8343bf7083b1_3264w_2448h.jpg?imageView2/1/w/215/h/136/interlace/1/q/90'],['/recipe/104062069/'],家常版蚂蚁上树,小周同学123,7.0
['http://i2.chuimg.com/a3971badb05040e5ad895a8d9146222d_864w_864h.jpg?imageView2/1/w/215/h/136/interlace/1/q/90'],['/recipe/104122264/'],超好吃的黄焖🐔,爱吃爱厨房呀,8
['http://i2.chuimg.com/5b2a0f76daa043c29d91c1dd4d817011_1280w_1023h.jpg?imageView2/1/w/215/h/136/interlace/1/q/90'],['/recipe/104048264/'],宫保鸡丁,Erica_LLL,7.2
['http://i1.chuimg.com/6178fcf8f414434783a0a77966aa08c3_3840w_2160h.jpg@2o_50sh_1pr_1l_215w_136h_1c_1e_90q_1wh'],['/recipe/104166309/'],厨师长教你：“蒸肉糕”的家常做法，味道鲜美营养丰富，收藏了,美食作家王刚,4
['http://i2.chuimg.com/aa2ea8de8195418e8cca991a58109172_1080w_987h.jpg?imageView2/1/w/215/h/136/interlace/1/q/90'],['/recipe/104095106/'],不用超市调料包的家常酸菜鱼,豆芽儿ZJ,7.0
['http://i1.chuimg.com/66b50c4c7eca4bc2a9d974016ceba309_483w_386h.jpg@2o_50sh_1pr_1l_215w_136h_1c_1e_90q_1wh'],['/recipe/103936352/'],💥💥巨下饭，专治没食欲❗️超级好吃的虎皮青椒,豆依mm,7.6
['http://i2.chuimg.com/084e056bd42a46ff88e3815905b58ea6_1000w_750h.jpg?imageView2/1/w/215/h/136/interlace/1/q/90'],['/recipe/104060009/'],健康低脂家常菜—西兰花炒口蘑,厨小花的减脂餐,7.7
['http://i1.chuimg.com/b49833bd0a5d4cf390b64f39751dbabb_1704w_1278h.jpg@2o_50sh_1pr_1l_215w_136h_1c_1e_90q_1wh'],['/recipe/104008993/'],"醋溜土豆丝,你真的会溜吗?记住这三点,一定好吃!",魅力味小厨,7.5
['http://i2.chuimg.com/525b660c36614447834fd5c8ac607983_750w_750h.jpg?imageView2/1/w/215/h/136/interlace/1/q/90'],['/recipe/103974513/'],西红柿菌菇豆腐汤,韩佳人的后厨房,7.5
['http://i2.chuimg.com/7c4cba7496c24fbd811fe297b9053583_1280w_1024h.jpg?imageView2/1/w/215/h/136/interlace/1/q/90'],['/recipe/104091045/'],麻辣香锅,认真吃饭的七仔,8.6
['http://i2.chuimg.com/2c0560db1c4a43369becf397dba3ec16_3024w_3024h.jpg?imageView2/1/w/215/h/136/interlace/1/q/90'],['/recipe/104069587/'],糖醋里脊（鸡肉版）,嗨是Amy呀,8.1
['http://i1.chuimg.com/91c29852dd6c4ea5b01d3d45160b2ad0_3024w_3024h.jpg@2o_50sh_1pr_1l_215w_136h_1c_1e_90q_1wh'],['/recipe/103951278/'],鲜香嫩滑的 虾仁滑蛋,So_nice_3Q,7.4
['http://i1.chuimg.com/3c97e01df30840d9b350950deee850b7_1080w_656h.jpg@2o_50sh_1pr_1l_215w_136h_1c_1e_90q_1wh'],['/recipe/104037992/'],麻婆豆腐（家常快手好味道）,马文静不文静,4
['http://i2.chuimg.com/8146da578e174e83b10842895bc16592_1656w_1242h.jpg?imageView2/1/w/215/h/136/interlace/1/q/90'],['/recipe/104164059/'],番茄肥牛金针菇,认真吃饭的七仔,8
['http://i1.chuimg.com/3fb9bcaa3f574226bd0298c9def6308d_1124w_899h.jpg@2o_50sh_1pr_1l_215w_136h_1c_1e_90q_1wh'],['/recipe/104030320/'],家庭版的手撕鸡,小爱麻麻饭婆子,7.9
['http://i1.chuimg.com/15ce2edfbb0446b6be11f3ec0600e2af_828w_1104h.jpg@2o_50sh_1pr_1l_215w_136h_1c_1e_90q_1wh'],['/recipe/104082254/'],米其林满天星,棉花糖130,7.1
['http://i5.chuimg.com/7ad3558e63784d51856916e6b1ad00ea_2000w_1333h.jpg@2o_50sh_1pr_1l_215w_136h_1c_1e_90q_1wh'],['/recipe/104051371/'],莲藕蒸肉-绝对是家宴的首选作品！,大胃美食君,7.6
['http://i2.chuimg.com/50bf34cd463e4ba58c469fc463a19230_1080w_1920h.jpg?imageView2/1/w/215/h/136/interlace/1/q/90'],['/recipe/103934836/'],茄汁日本豆腐,懒饭App,7.1
['http://i2.chuimg.com/0bad1abe45b745a887974265ff5b2ea2_1125w_900h.jpg?imageView2/1/w/215/h/136/interlace/1/q/90'],['/recipe/104165237/'],红烧肉,zzzyhei,2
['http://i2.chuimg.com/0b14ee11cd464011be2c85f5e8a4e2b3_1355w_1000h.jpg?imageView2/1/w/215/h/136/interlace/1/q/90'],['/recipe/104024535/'],立秋后，这汤多炖给孩子喝，鲜香滋补，孩子多喝身体好,齐梅齐美食,6
['http://i2.chuimg.com/b7e0d4a1040b4d3d9dc2488b11ddd9ea_684w_684h.jpg?imageView2/1/w/215/h/136/interlace/1/q/90'],['/recipe/103940502/'],蚝油生菜,ljyws,7.9
['http://i2.chuimg.com/f9bac499ae17445eb401f45fb7f5f105_991w_1322h.jpg?imageView2/1/w/215/h/136/interlace/1/q/90'],['/recipe/104044674/'],快速剥葡萄皮方法           （吃得卫生.安全.健康）,郁金香的日式养生馆,3
['http://i2.chuimg.com/70d9f11aa9a84803825a5a2f95726ac8_828w_828h.jpg?imageView2/1/w/215/h/136/interlace/1/q/90'],['/recipe/104118509/'],酸汤肥牛,方糖欧尼,9
['http://i2.chuimg.com/f3067a6e886111e6b87c0242ac110003_640w_640h.jpg?imageView2/1/w/215/h/136/interlace/1/q/90'],['/recipe/100352761/'],鱼香肉丝,奚姥姥,8.3
['http://i2.chuimg.com/e681b89baf9547cc98fcb5e8e80acfb9_1126w_900h.jpg?imageView2/1/w/215/h/136/interlace/1/q/90'],['/recipe/104107679/'],椒盐蘑菇-超好吃的下酒菜,小兔姐的碎碎念,8.6
['http://i2.chuimg.com/4f21bd9e3c774747ac9b62e5582e7619_1242w_994h.jpg?imageView2/1/w/215/h/136/interlace/1/q/90'],['/recipe/104020607/'],在家自己做麻辣烫！美味好吃,jess0425,12
['http://i2.chuimg.com/7c059b72f8394acca293107044bcc5cf_1154w_923h.jpg?imageView2/1/w/215/h/136/interlace/1/q/90'],['/recipe/104128998/'],💥哇，迄今为止吃过最好吃的鱿鱼须，秒杀街边一切的铁板鱿,多M食堂-小静,7.6
['http://i2.chuimg.com/56d34aeda5704cd9923856eda5c057ca_1000w_750h.jpg?imageView2/1/w/215/h/136/interlace/1/q/90'],['/recipe/104008366/'],可乐鸡翅,厨艺小白o小5,7.6
图片,链接,菜名,作者,评分
['http://i1.chuimg.com/426809f97f0c41d5a4b8c121aa019cb4_1080w_810h.jpg@2o_50sh_1pr_1l_215w_136h_1c_1e_90q_1wh'],['/recipe/103951128/'],鱼香肉丝（米饭杀手系列三）,铁头葫芦娃,7.9
['http://i2.chuimg.com/3f80ae8c64ec4166911ed15a10116d44_1124w_1500h.jpg?imageView2/1/w/215/h/136/interlace/1/q/90'],['/recipe/103922498/'],无敌好吃的香煎豆腐,悠妈小厨房y,7.4
['http://i2.chuimg.com/70282116ba654cb1bbe7b74ffaa2480a_1984w_1120h.jpg?imageView2/1/w/215/h/136/interlace/1/q/90'],['/recipe/103996751/'],超级下饭的地三鲜,lucky小娇,7.8
['http://i2.chuimg.com/197199bc42934804b103fa97fed25005_1242w_1818h.jpg?imageView2/1/w/215/h/136/interlace/1/q/90'],['/recipe/104057063/'],干锅花菜,Yran燕,7.7
['http://i5.chuimg.com/e2bf41f3627f466381657755c1f29110_1280w_1024h.jpg@2o_50sh_1pr_1l_215w_136h_1c_1e_90q_1wh'],['/recipe/103965340/'],比肉还好吃的金针菇豆皮卷,糖宝麻麻-木木,7.2
['http://i2.chuimg.com/ea38804d4c9f486e909ba70add5d1036_1242w_1242h.jpg?imageView2/1/w/215/h/136/interlace/1/q/90'],['/recipe/104046273/'],孩子能吃两碗饭的一道菜,钊兰,1
['http://i2.chuimg.com/1b61fe1e1bd64bf9a3dbaa0008fc2ca2_1242w_1521h.jpg?imageView2/1/w/215/h/136/interlace/1/q/90'],['/recipe/104103405/'],真真假假 赛排骨,那叫锅包肉好了,9
['http://i1.chuimg.com/327e292e389f4de7a0ab0ff99797f650_751w_600h.jpg@2o_50sh_1pr_1l_215w_136h_1c_1e_90q_1wh'],['/recipe/103917531/'],肉末茄子,韩佳人的后厨房,7.6
['http://i1.chuimg.com/0ee416eda72649019c4fce1bde4ba25f_1615w_1224h.jpg@2o_50sh_1pr_1l_215w_136h_1c_1e_90q_1wh'],['/recipe/104076957/'],豆腐这样做比大鱼大肉都好吃，简单易做又下饭,齐梅齐美食,7.8
['http://i5.chuimg.com/055c62a4b1144f4c88b420250a100b2b_1500w_1124h.jpg@2o_50sh_1pr_1l_215w_136h_1c_1e_90q_1wh'],['/recipe/104024497/'],酱汁杏鲍菇❗比肉还好吃,糖宝麻麻-木木,7.9
['http://i2.chuimg.com/80b2fbf6d6c547dca21b61fe1c875f48_1080w_810h.jpg?imageView2/1/w/215/h/136/interlace/1/q/90'],['/recipe/103950238/'],手撕包菜（米饭杀手系列二）,铁头葫芦娃,7.5
['http://i2.chuimg.com/a7c76ea7fdca4f22bf88a30ccff5229f_1000w_750h.jpg?imageView2/1/w/215/h/136/interlace/1/q/90'],['/recipe/104068553/'],健康低脂凉拌菜—菠菜可以这样吃,厨小花的减脂餐,7.8
['http://i2.chuimg.com/d452416e3976425bbb9c8343bf7083b1_3264w_2448h.jpg?imageView2/1/w/215/h/136/interlace/1/q/90'],['/recipe/104062069/'],家常版蚂蚁上树,小周同学123,7.0
['http://i2.chuimg.com/a3971badb05040e5ad895a8d9146222d_864w_864h.jpg?imageView2/1/w/215/h/136/interlace/1/q/90'],['/recipe/104122264/'],超好吃的黄焖🐔,爱吃爱厨房呀,8
['http://i2.chuimg.com/5b2a0f76daa043c29d91c1dd4d817011_1280w_1023h.jpg?imageView2/1/w/215/h/136/interlace/1/q/90'],['/recipe/104048264/'],宫保鸡丁,Erica_LLL,7.3
['http://i1.chuimg.com/6178fcf8f414434783a0a77966aa08c3_3840w_2160h.jpg@2o_50sh_1pr_1l_215w_136h_1c_1e_90q_1wh'],['/recipe/104166309/'],厨师长教你：“蒸肉糕”的家常做法，味道鲜美营养丰富，收藏了,美食作家王刚,4
['http://i1.chuimg.com/66b50c4c7eca4bc2a9d974016ceba309_483w_386h.jpg@2o_50sh_1pr_1l_215w_136h_1c_1e_90q_1wh'],['/recipe/103936352/'],💥💥巨下饭，专治没食欲❗️超级好吃的虎皮青椒,豆依mm,7.7
['http://i2.chuimg.com/084e056bd42a46ff88e3815905b58ea6_1000w_750h.jpg?imageView2/1/w/215/h/136/interlace/1/q/90'],['/recipe/104060009/'],健康低脂家常菜—西兰花炒口蘑,厨小花的减脂餐,7.7
['http://i1.chuimg.com/b49833bd0a5d4cf390b64f39751dbabb_1704w_1278h.jpg@2o_50sh_1pr_1l_215w_136h_1c_1e_90q_1wh'],['/recipe/104008993/'],"醋溜土豆丝,你真的会溜吗?记住这三点,一定好吃!",魅力味小厨,7.5
['http://i2.chuimg.com/525b660c36614447834fd5c8ac607983_750w_750h.jpg?imageView2/1/w/215/h/136/interlace/1/q/90'],['/recipe/103974513/'],西红柿菌菇豆腐汤,韩佳人的后厨房,7.5
['http://i2.chuimg.com/7c4cba7496c24fbd811fe297b9053583_1280w_1024h.jpg?imageView2/1/w/215/h/136/interlace/1/q/90'],['/recipe/104091045/'],麻辣香锅,认真吃饭的七仔,8.6
['http://i2.chuimg.com/2c0560db1c4a43369becf397dba3ec16_3024w_3024h.jpg?imageView2/1/w/215/h/136/interlace/1/q/90'],['/recipe/104069587/'],糖醋里脊（鸡肉版）,嗨是Amy呀,8.2
['http://i1.chuimg.com/91c29852dd6c4ea5b01d3d45160b2ad0_3024w_3024h.jpg@2o_50sh_1pr_1l_215w_136h_1c_1e_90q_1wh'],['/recipe/103951278/'],鲜香嫩滑的 虾仁滑蛋,So_nice_3Q,7.4
['http://i5.chuimg.com/c71a8c41838a484790e1457f38e49110_1080w_1920h.jpg@2o_50sh_1pr_1l_215w_136h_1c_1e_90q_1wh'],['/recipe/104168699/'],番茄肥牛金针菇,懒饭App,2
['http://i1.chuimg.com/3c97e01df30840d9b350950deee850b7_1080w_656h.jpg@2o_50sh_1pr_1l_215w_136h_1c_1e_90q_1wh'],['/recipe/104037992/'],麻婆豆腐（家常快手好味道）,马文静不文静,4
['http://i1.chuimg.com/3fb9bcaa3f574226bd0298c9def6308d_1124w_899h.jpg@2o_50sh_1pr_1l_215w_136h_1c_1e_90q_1wh'],['/recipe/104030320/'],家庭版的手撕鸡,小爱麻麻饭婆子,7.9
['http://i1.chuimg.com/15ce2edfbb0446b6be11f3ec0600e2af_828w_1104h.jpg@2o_50sh_1pr_1l_215w_136h_1c_1e_90q_1wh'],['/recipe/104082254/'],米其林满天星,棉花糖130,7.1
['http://i5.chuimg.com/7ad3558e63784d51856916e6b1ad00ea_2000w_1333h.jpg@2o_50sh_1pr_1l_215w_136h_1c_1e_90q_1wh'],['/recipe/104051371/'],莲藕蒸肉-绝对是家宴的首选作品！,大胃美食君,7.6
['http://i2.chuimg.com/1bd3d1366f2d422aa56bdf201ccd8c08_3024w_4032h.jpg?imageView2/1/w/215/h/136/interlace/1/q/90'],['/recipe/104169925/'],青椒素炒杏鲍菇,玥琳爱分享,1
['http://i2.chuimg.com/50bf34cd463e4ba58c469fc463a19230_1080w_1920h.jpg?imageView2/1/w/215/h/136/interlace/1/q/90'],['/recipe/103934836/'],茄汁日本豆腐,懒饭App,7.1
['http://i2.chuimg.com/0b14ee11cd464011be2c85f5e8a4e2b3_1355w_1000h.jpg?imageView2/1/w/215/h/136/interlace/1/q/90'],['/recipe/104024535/'],立秋后，这汤多炖给孩子喝，鲜香滋补，孩子多喝身体好,齐梅齐美食,6
['http://i2.chuimg.com/b7e0d4a1040b4d3d9dc2488b11ddd9ea_684w_684h.jpg?imageView2/1/w/215/h/136/interlace/1/q/90'],['/recipe/103940502/'],蚝油生菜,ljyws,7.9
['http://i2.chuimg.com/f9bac499ae17445eb401f45fb7f5f105_991w_1322h.jpg?imageView2/1/w/215/h/136/interlace/1/q/90'],['/recipe/104044674/'],快速剥葡萄皮方法           （吃得卫生.安全.健康）,郁金香的日式养生馆,3
['http://i2.chuimg.com/70d9f11aa9a84803825a5a2f95726ac8_828w_828h.jpg?imageView2/1/w/215/h/136/interlace/1/q/90'],['/recipe/104118509/'],酸汤肥牛,方糖欧尼,9
['http://i2.chuimg.com/f3067a6e886111e6b87c0242ac110003_640w_640h.jpg?imageView2/1/w/215/h/136/interlace/1/q/90'],['/recipe/100352761/'],鱼香肉丝,奚姥姥,8.3
['http://i2.chuimg.com/e681b89baf9547cc98fcb5e8e80acfb9_1126w_900h.jpg?imageView2/1/w/215/h/136/interlace/1/q/90'],['/recipe/104107679/'],椒盐蘑菇-超好吃的下酒菜,小兔姐的碎碎念,8.5
['http://i2.chuimg.com/4f21bd9e3c774747ac9b62e5582e7619_1242w_994h.jpg?imageView2/1/w/215/h/136/interlace/1/q/90'],['/recipe/104020607/'],在家自己做麻辣烫！美味好吃,jess0425,12
['http://i2.chuimg.com/7c059b72f8394acca293107044bcc5cf_1154w_923h.jpg?imageView2/1/w/215/h/136/interlace/1/q/90'],['/recipe/104128998/'],💥哇，迄今为止吃过最好吃的鱿鱼须，秒杀街边一切的铁板鱿,多M食堂-小静,7.4
['http://i2.chuimg.com/56d34aeda5704cd9923856eda5c057ca_1000w_750h.jpg?imageView2/1/w/215/h/136/interlace/1/q/90'],['/recipe/104008366/'],可乐鸡翅,厨艺小白o小5,7.6
['http://i1.chuimg.com/2d1c308d65aa4a90a0bff823c0efb291_896w_672h.jpg@2o_50sh_1pr_1l_215w_136h_1c_1e_90q_1wh'],['/recipe/103952251/'],手把手教你五分钟快手油焖虾,桃乐丝YAN,8.2
