comments,content,like,title
18,《简书旅行·在路上月刊001》豆瓣阅读地址 卷首语·曾经跨过山与大海 听绵延山脉间河流的跳动，拥日出树林中鸟雀的低语。 我们一路向前，一次次与陌..., 50,《简书旅行·在路上月刊001·曾经跨过山与大海》上线
0,《简书婚姻育儿月刊002》豆瓣阅读地址 卷首语 缺位的启蒙 我们的孩子们，是那样的柔软和弱小，是那样的单纯而善良，他们小心翼翼的和世界沟通，如履..., 13,《简书婚姻育儿月刊002·缺位的启蒙》上线
4,豆瓣阅读下载链接 卷首语·文字的砥砺 《淮南子》记载：“昔者仓颉作书，而天雨粟，鬼夜哭。”文字的力量可见一斑。从小在“敬惜字纸”的家庭教育中长大..., 25,《简书谈写作月刊005·文字的砥砺》上线
0,《简书哲思月刊001》豆瓣阅读地址 卷首语·经始灵台 春秋战国时期乃是中国历史一思想大解放时代，子学时代由此开始，中国哲学由此发端。 追随远古的..., 13,《简书哲思月刊001·经始灵台》上线
1,《简书社会热点月刊002》豆瓣阅读地址 卷首语·热点话题之我见 关于社会热点，是一个很宽泛的词不仅仅包括看得见的热点，也包括看不见的热点。 我们..., 10,《简书社会热点月刊002·热点话题之我见》上线
2,豆瓣阅读下载链接 卷首语·冬天是个读书天 为朴素的生活点缀诗意，要么行万里路，要么读万卷书。显然，后者成本更低。读一本好书，抚平内心褶皱的，是藏..., 14,《简书读书月刊002·冬天是个读书天》上线
4,豆瓣阅读下载链接 卷首语·愿你常留一份情怀 一杯清茶，一本书，听窗外细雨滴答声，慵懒地坐在沙发里，在文字的情怀中徜徉，是多么得意的日子呀。读书的..., 36,《简书谈写作月刊004·愿你常留一份情怀》上线
8,《简书社会热点月刊001》豆瓣阅读地址 卷首语·社会热点专题关心的事情 自媒体时代的到来，给了所有人一个站上舞台发声的机会。从前，我们只能阅读报..., 1,《简书社会热点月刊001·社会热点专题关心的事情》上线
11,《简书武侠江湖月刊001》豆瓣阅读地址 卷首语 江湖是什么？ 有人说，江湖就是像梁山108好汉一样，大口喝酒，大口吃肉，惩奸除恶，替天行道； 也..., 1,《简书武侠江湖月刊001·这就是江湖》上线
1,《茶点故事精选 第二辑》豆瓣阅读地址 卷首语 9月的地球终于修好了他家的中央空调，而我也终于可以在夜晚不必再打开那台嗡嗡响，无法静音且尤其费电的..., 80,《简书茶点故事精选 第二辑》上线
13,《简书历史月刊003》豆瓣阅读地址《简书历史月刊003》多看阅读地址《简书历史月刊003》亚马逊下载地址请 至 以 上 各 平 台 下 载 阅 ..., 3,《简书历史月刊003·三千年来谁著史》上线
8,《简书产品月刊001》豆瓣阅读地址《简书产品月刊001》多看阅读地址《简书产品月刊001》亚马逊下载地址请 至 以 上 各 平 台 下 载 阅 ..., 1,《简书产品月刊001：产品经理面试攻略》上线
12,《简书历史月刊002》豆瓣阅读地址《简书历史月刊002》多看阅读地址《简书历史月刊002》亚马逊下载地址请 至 以 上 各 平 台 下 载 阅 ..., 66,《简书历史月刊002·古迹情深史笔冷》上线
15,《简书短篇小说月刊002》豆瓣阅读地址《简书短篇小说月刊002》多看阅读地址《简书短篇小说月刊002》亚马逊下载地址请 至 以 上 各 平 台 ..., 1,《简书短篇小说月刊002：一片金黄，大地满仓》上线
11,《简书教育月刊001》豆瓣阅读地址《简书教育月刊001》多看阅读地址《简书教育月刊001》亚马逊下载地址请 至 以 上 各 平 台 下 载 阅 ..., 1,《简书教育月刊001：品尝成长的滋味》上线
21,《简书短篇小说月刊001》豆瓣阅读地址《简书短篇小说月刊001》多看阅读地址《简书短篇小说月刊001》亚马逊下载地址请 至 以 上 各 平 台 ..., 2,《简书短篇小说月刊001：梦在远方，即刻起航》上线
10,《简书历史月刊001》豆瓣阅读地址《简书历史月刊001》多看阅读地址《简书历史月刊001》亚马逊下载地址请 至 以 上 各 平 台 下 载 阅 ..., 1,《简书历史月刊001：在历史的世界游弋》上线
6,点击链接下载：《简书月刊1503·职场启示录》epub下载地址《简书月刊1503·职场启示录》豆瓣阅读地址《简书月刊1503·职场启示录》多看阅..., 16,《简书月刊1503》发布—职场启示录
3,《简书生活家月刊001》豆瓣阅读地址 卷首语·新生活，新开始 每一次改变都是一个新的挑战， 每一个挑战都是一场新的旅途， 每一场旅途都是梦与爱的..., 21,《简书生活家月刊001·新生活，新开始》上线
0,《简书健康养生月刊001》豆瓣阅读地址 卷首语·谈谈医学与健康 健康，是我们一生的必修课。 无论你是小隐隐于野，还是大隐隐于市；无论你是一贫如洗..., 1,《简书健康&养生专题月刊001·谈谈医学与健康》上线
1,《简书婚姻育儿月刊001》豆瓣阅读地址 卷首语：婚姻是什么？ “我不想我的生活被束缚，有爱的地方就是我的家；幸福的道路没有捷径可走，我要用双脚一..., 1,《简书婚姻育儿月刊001·婚姻是什么》上线
10,《简书我是来搞笑的月刊002》豆瓣阅读地址《简书我是来搞笑的月刊002》亚马逊下载地址请 至 以 上 各 平 台 下 载 阅 读 点击链接即可下..., 2,《简书我是来搞笑的月刊002·做一个爱笑的人》上线
12,《简书我是来搞笑的月刊001》豆瓣阅读地址《简书我是来搞笑的月刊001》亚马逊下载地址请 至 以 上 各 平 台 下 载 阅 读 点击链接即可下..., 1,《简书我是来搞笑的月刊001·谈笑风生》上线
4,《简书历史月刊005》豆瓣阅读地址《简书历史月刊005》亚马逊下载地址请 至 以 上 各 平 台 下 载 阅 读 点击链接即可下载，看完后别忘给..., 2,《简书历史月刊005·打开时间之门》上线
4,《简书产品月刊004》豆瓣阅读地址《简书产品月刊003》亚马逊kindle下载地址请 至 以 上 各 平 台 下 载 阅 读 点击链接即可下载，..., 1,《简书产品月刊002：好产品是运营出来的》上线
14,《简书短篇小说月刊004》豆瓣阅读地址《简书短篇小说月刊003》亚马逊kindle下载地址请 至 以 上 各 平 台 下 载 阅 读 点击链接即..., 2,《简书短篇小说月刊004：大雁南飞，寒霜初降》上线
2,《简书历史月刊004》豆瓣阅读地址《简书历史月刊004》亚马逊下载地址请 至 以 上 各 平 台 下 载 阅 读 点击链接即可下载，看完后别忘给..., 51,《简书历史月刊004·历史的风陵渡口》上线
4,《简书短篇小说月刊003》豆瓣阅读地址《简书短篇小说月刊003》多看阅读地址《简书短篇小说月刊003》亚马逊kindle下载地址请 至 以 上 ..., 73,《简书短篇小说月刊003：乘风破浪，扬帆远航》上线
1,豆瓣阅读下载链接 7段故事，7个传奇，道不尽人世冷暖。 目录 草原女骑手 | 作者：夜二郎 琴鬼 | 作者：lk洛 大海深处的秘密 | 作者：晓..., 28,《简书短篇小说月刊005·传奇故事 世间冷暖》上线
2,豆瓣阅读下载链接 卷首语：品读岁月，书写人生 有人说，岁月是一首诗，浪漫而温柔；有人说，岁月是一把刀，深刻而无情；我说，岁月是一本书，醇厚而丰富..., 41,《简书谈写作月刊003·品读岁月，书写人生》上线
11,豆瓣阅读下载链接 卷首语·穷理尽性，以至于命 在探索中，固有“读万卷书，行万里路”的情愫。 行路为“穷究天下万物之原理”，读书为“洞明人心自体之..., 23,《简书读书专题月刊001·穷理尽性 以至于命》上线
11,豆瓣阅读下载链接 卷首语·不动声色 脆弱的人才会到处游说自己的不幸，坚强的人只会不动声色的愈渐强大。 纷乱的世间里，每天都在上演着各式各样的故事..., 23,《简书世间事月刊001·不动声色》上线
7,《简书奇思妙想月刊001》豆瓣阅读地址 卷首语 生活大多平淡，重复间多的是寡淡，少的是趣味。如果生活让我们小心翼翼，我希望故事可以天马行空。可能..., 15,《简书奇思妙想月刊001·有梦为马，随处可栖》上线
25,《简书茶点故事7月刊》豆瓣阅读地址 卷首语 各位好，我是简书茶馆的叶老板。平时喜欢喝点小酒，但近来因为身体原因，医生说戒也就戒了。现在在简书开了..., 53,《简书茶点故事7月刊》上线~
0,到简书出版公园号（微信搜索jianshu-pub关注），回复【人物月刊001】即可收到阅读链接。小鹅通二维码，仅可通过【微信】扫描阅读~《简书人..., 12,《简书人物月刊001·再回首绝代芳华》上线
7,《简书谈写作月刊001》豆瓣阅读地址 卷首语·写作之我见 有人说写作是个泥淖，一旦深陷，便无法自拔；有人说写作是一场修行，借由笔触净化心灵，自我..., 30,《简书谈写作月刊001·写作之我见》上线
5,《简书上班这点事儿月刊001》豆瓣阅读地址 卷首语·职场价值力之菜鸟进阶 2017年4月30日，简书[上班这点事儿]专题已收录28000+篇优秀..., 16,《简书上班这点事儿月刊001·职场价值力》上线
1,《简书谈情说爱月刊001》豆瓣阅读地址 卷首语·再见，旧时光 有一种爱，是不说出口的理解，给予的最大礼物和尊重。 有一种爱，是默默承担，看你远去..., 6,《简书谈情说爱月刊001·再见，旧时光》上线
